{
  "model_name": "LinearSVC",
  "params": {
    "C": 10.0
  },
  "val_metrics": {
    "accuracy": 0.9903617067359758,
    "balanced_accuracy": 0.9532832065182043,
    "macro_f1": 0.9074343510446852,
    "weighted_f1": 0.9905318628081392
  },
  "test_metrics": {
    "accuracy": 0.9907948884557072,
    "balanced_accuracy": 0.9630050416889455,
    "macro_f1": 0.9094401115479714,
    "weighted_f1": 0.9911028364959622
  },
  "train_time_s": 298.6193429679997,
  "predict_time_val_s": 0.0033525420003570616,
  "predict_time_test_s": 0.0031956630000422592,
  "best_iteration": null,
  "best_score": null,
  "classification_report_test": {
    "0": {
      "precision": 0.9677708146821844,
      "recall": 0.9302925989672978,
      "f1-score": 0.9486616937253182,
      "support": 1162.0
    },
    "1": {
      "precision": 0.8555555555555555,
      "recall": 0.9625,
      "f1-score": 0.9058823529411765,
      "support": 80.0
    },
    "2": {
      "precision": 1.0,
      "recall": 1.0,
      "f1-score": 1.0,
      "support": 14199.0
    },
    "3": {
      "precision": 1.0,
      "recall": 0.9935691318327974,
      "f1-score": 0.9967741935483871,
      "support": 622.0
    },
    "4": {
      "precision": 0.3333333333333333,
      "recall": 0.8,
      "f1-score": 0.47058823529411764,
      "support": 5.0
    },
    "5": {
      "precision": 1.0,
      "recall": 1.0,
      "f1-score": 1.0,
      "support": 4.0
    },
    "6": {
      "precision": 0.9933774834437086,
      "recall": 1.0,
      "f1-score": 0.9966777408637874,
      "support": 300.0
    },
    "7": {
      "precision": 0.9869281045751634,
      "recall": 1.0,
      "f1-score": 0.993421052631579,
      "support": 151.0
    },
    "8": {
      "precision": 0.9736842105263158,
      "recall": 0.9511568123393316,
      "f1-score": 0.9622886866059818,
      "support": 389.0
    },
    "9": {
      "precision": 0.9900990099009901,
      "recall": 0.9933774834437086,
      "f1-score": 0.9917355371900827,
      "support": 302.0
    },
    "10": {
      "precision": 0.9468085106382979,
      "recall": 0.9514802631578947,
      "f1-score": 0.9491386382280558,
      "support": 1216.0
    },
    "11": {
      "precision": 0.5441176470588235,
      "recall": 0.9736842105263158,
      "f1-score": 0.6981132075471698,
      "support": 38.0
    },
    "accuracy": 0.9907948884557072,
    "macro avg": {
      "precision": 0.8826395558095311,
      "recall": 0.9630050416889455,
      "f1-score": 0.9094401115479714,
      "support": 18468.0
    },
    "weighted avg": {
      "precision": 0.991794935293752,
      "recall": 0.9907948884557072,
      "f1-score": 0.9911028364959622,
      "support": 18468.0
    }
  },
  "confusion_matrix_test": [
    [
      1081,
      0,
      0,
      0,
      2,
      0,
      2,
      2,
      0,
      3,
      62,
      10
    ],
    [
      0,
      77,
      0,
      0,
      0,
      0,
      0,
      0,
      3,
      0,
      0,
      0
    ],
    [
      0,
      0,
      14199,
      0,
      0,
      0,
      0,
      0,
      0,
      0,
      0,
      0
    ],
    [
      3,
      0,
      0,
      618,
      0,
      0,
      0,
      0,
      0,
      0,
      1,
      0
    ],
    [
      1,
      0,
      0,
      0,
      4,
      0,
      0,
      0,
      0,
      0,
      0,
      0
    ],
    [
      0,
      0,
      0,
      0,
      0,
      4,
      0,
      0,
      0,
      0,
      0,
      0
    ],
    [
      0,
      0,
      0,
      0,
      0,
      0,
      300,
      0,
      0,
      0,
      0,
      0
    ],
    [
      0,
      0,
      0,
      0,
      0,
      0,
      0,
      151,
      0,
      0,
      0,
      0
    ],
    [
      4,
      13,
      0,
      0,
      0,
      0,
      0,
      0,
      370,
      0,
      2,
      0
    ],
    [
      0,
      0,
      0,
      0,
      2,
      0,
      0,
      0,
      0,
      300,
      0,
      0
    ],
    [
      27,
      0,
      0,
      0,
      4,
      0,
      0,
      0,
      7,
      0,
      1157,
      21
    ],
    [
      1,
      0,
      0,
      0,
      0,
      0,
      0,
      0,
      0,
      0,
      0,
      37
    ]
  ],
  "class_mapping": {
    "class2id": {
      "ARP_poisioning": 0,
      "DDOS_Slowloris": 1,
      "DOS_SYN_Hping": 2,
      "MQTT_Publish": 3,
      "Metasploit_Brute_Force_SSH": 4,
      "NMAP_FIN_SCAN": 5,
      "NMAP_OS_DETECTION": 6,
      "NMAP_TCP_scan": 7,
      "NMAP_UDP_SCAN": 8,
      "NMAP_XMAS_TREE_SCAN": 9,
      "Thing_Speak": 10,
      "Wipro_bulb": 11
    },
    "id2class": {
      "0": "ARP_poisioning",
      "1": "DDOS_Slowloris",
      "2": "DOS_SYN_Hping",
      "3": "MQTT_Publish",
      "4": "Metasploit_Brute_Force_SSH",
      "5": "NMAP_FIN_SCAN",
      "6": "NMAP_OS_DETECTION",
      "7": "NMAP_TCP_scan",
      "8": "NMAP_UDP_SCAN",
      "9": "NMAP_XMAS_TREE_SCAN",
      "10": "Thing_Speak",
      "11": "Wipro_bulb"
    },
    "class_weights": {
      "0": 1.3238248847926268,
      "1": 19.202540106951872,
      "2": 0.10838577745581866,
      "3": 2.4747587870434185,
      "4": 276.22115384615387,
      "5": 359.0875,
      "6": 5.129821428571429,
      "7": 10.245007132667618,
      "8": 3.9612520683949257,
      "9": 5.104299928926794,
      "10": 1.2655066079295154,
      "11": 40.574858757062145
    }
  }
}