model,stage,train_time_s,val_macro_f1,val_balanced_accuracy,val_accuracy,test_macro_f1,test_balanced_accuracy,test_accuracy,best_iteration,best_score,params_json
XGBoost,stage2,6.338228873999469,0.9865406933313676,0.9776100987180366,0.9991877842755036,0.9723635806082253,0.9812562174668606,0.9990253411306044,279.0,0.0027463860471555,"{""max_depth"": 4, ""learning_rate"": 0.05, ""n_estimators"": 280, ""subsample"": 1.0, ""colsample_bytree"": 0.8}"
DecisionTree,stage1,0.6140005859997473,0.9657343796713436,0.9536960534220696,0.998862897985705,0.9386401773188976,0.952848507680346,0.998104829976175,,,"{""max_depth"": 20, ""min_samples_leaf"": 1, ""criterion"": ""entropy""}"
LinearSVC,stage1,288.19886937699994,0.9074343510446852,0.9532832065182044,0.9903617067359758,0.9094401115479714,0.9630050416889456,0.9907948884557072,,,"{""C"": 10.0}"
